# Old service pages → new structure
/services-accounting       /services/bookkeeping-accounting   301
/services-accounting.html  /services/bookkeeping-accounting   301
/services-cfo              /services/fractional-cfo           301
/services-cfo.html         /services/fractional-cfo           301
/services-coo              /services/fractional-cfo           301
/services-coo.html         /services/fractional-cfo           301
/services-web              /services/financial-systems        301
/services-web.html         /services/financial-systems        301
/services-operations       /services/financial-systems        301
/services-operations.html  /services/financial-systems        301
/services-ecommerce        /services/bookkeeping-accounting   301
/services-ecommerce.html   /services/bookkeeping-accounting   301

# Old training pages → homepage
/training                          /                          301
/training.html                     /                          301
/training/survival-number          /                          301
/training/survival-number.html     /                          301
/training/floor-rate               /                          301
/training/floor-rate.html          /                          301
/training/realized-rate            /                          301
/training/realized-rate.html       /                          301
/training/utilization              /                          301
/training/utilization.html         /                          301
/training/capacity                 /                          301
/training/capacity.html            /                          301
/training/client-profitability     /                          301
/training/client-profitability.html /                         301

# SPA fallback
/*    /404.html    404
